gpuUtilization,vramUsage,powerDraw
0.7818367346938775,0.8717794204295902,4199.755102040816
0.5766666666666667,0.8484251968503936,3486.6666666666665
0.8580000000000002,0.8731233595800525,4223.3
0.8475,0.8429297900262467,3800.375
0.64,0.8223097112860892,1714.0
0.8383333333333333,0.8459317585301838,3902.1666666666665
0.8166666666666668,0.8490813648293963,3394.3333333333335
0.6371428571428571,0.8505061867266591,3867.8571428571427
