gpuUtilization,vramUsage,powerDraw
0.12,0.4013123359580052,1449.0
0.12,0.4013123359580052,1449.0
0.1199999999999999,0.4013123359580052,1449.0
0.12,0.4013123359580052,1449.0
0.12,0.40131233595800525,1449.0
0.12,0.4013123359580052,1449.0
0.12,0.4013123359580052,1449.0
0.12,0.4013123359580052,1449.0
0.12,0.4013123359580052,1449.0
0.12,0.4013123359580052,1449.0
